run_id,scenario,strategy,repetition,excluded_from_analysis,valid,requests,latency_ms,double_allocation_rate,unnecessary_rejections,jain_users,jain_equipment,recovery_ms
esc1-production-r01,esc1,production,1,True,True,0,,,,,,
esc1-production-r02,esc1,production,2,False,True,0,,,,,,
esc1-production-r03,esc1,production,3,False,True,0,,,,,,
esc1-production-r04,esc1,production,4,False,True,0,,,,,,
esc1-production-r05,esc1,production,5,False,True,0,,,,,,
esc1-production-r06,esc1,production,6,False,True,0,,,,,,
esc1-production-r07,esc1,production,7,False,True,0,,,,,,
esc1-production-r08,esc1,production,8,False,True,0,,,,,,
esc1-production-r09,esc1,production,9,False,True,0,,,,,,
esc1-production-r10,esc1,production,10,True,True,0,,,,,,
esc2-s0-r01-ce4dacc0,esc2,s0,1,True,True,50,780.68026232,1.0,0,1.0,1.0,
esc2-s0-r02-a7bad9de,esc2,s0,2,False,True,50,614.51668156,1.0,0,1.0,1.0,
esc2-s0-r03-5bd30469,esc2,s0,3,False,True,50,199.01107766,1.0,0,1.0,1.0,
esc2-s0-r04-6e6cd579,esc2,s0,4,False,True,50,855.0029438,1.0,0,1.0,1.0,
esc2-s0-r05-a283247c,esc2,s0,5,False,True,50,210.71755718,1.0,0,1.0,1.0,
esc2-s0-r06-50528ad4,esc2,s0,6,False,True,50,811.5440884000001,1.0,0,1.0,1.0,
esc2-s0-r07-5b246c3a,esc2,s0,7,False,True,50,193.73623462,1.0,0,1.0,1.0,
esc2-s0-r08-72331373,esc2,s0,8,False,True,50,1128.3610901,1.0,0,1.0,1.0,
esc2-s0-r09-853412d0,esc2,s0,9,False,True,50,296.58628054,1.0,0,1.0,1.0,
esc2-s0-r10-2695ede9,esc2,s0,10,True,True,50,758.19394774,1.0,0,1.0,1.0,
esc2-s1-r01-b43ad524,esc2,s1,1,True,True,50,876.4381856,0.0,0,1.0,1.0,
esc2-s1-r02-0a6c10a2,esc2,s1,2,False,True,50,994.5775221600001,0.0,0,1.0,1.0,
esc2-s1-r03-12765dce,esc2,s1,3,False,True,50,1421.7275177000001,0.0,0,1.0,1.0,
esc2-s1-r04-f7ae4460,esc2,s1,4,False,True,50,734.53953066,0.0,0,1.0,1.0,
esc2-s1-r05-996b7821,esc2,s1,5,False,True,50,753.41307812,0.0,0,1.0,1.0,
esc2-s1-r06-d1013d12,esc2,s1,6,False,True,50,854.17606282,0.0,0,1.0,1.0,
esc2-s1-r07-1d4c92ef,esc2,s1,7,False,True,50,915.22735014,0.0,0,1.0,1.0,
esc2-s1-r08-c850241a,esc2,s1,8,False,True,50,1000.0547280400001,0.0,0,1.0,1.0,
esc2-s1-r09-7dc1251c,esc2,s1,9,False,True,50,778.95534692,0.0,0,1.0,1.0,
esc2-s1-r10-a61cdbb4,esc2,s1,10,True,True,50,715.35437954,0.0,0,1.0,1.0,
esc2-s2-r01-4b3822e0,esc2,s2,1,True,True,50,743.9678933600001,0.0,0,1.0,1.0,
esc2-s2-r02-5143a667,esc2,s2,2,False,True,50,840.5926657399999,0.0,0,1.0,1.0,
esc2-s2-r03-2e231df6,esc2,s2,3,False,True,50,736.39636754,0.0,0,1.0,1.0,
esc2-s2-r04-09ca5561,esc2,s2,4,False,True,50,738.2841053999999,0.0,0,1.0,1.0,
esc2-s2-r05-794e088d,esc2,s2,5,False,True,50,843.77087094,0.0,0,1.0,1.0,
esc2-s2-r06-a0fe85f9,esc2,s2,6,False,True,50,960.60226808,0.0,0,1.0,1.0,
esc2-s2-r07-dfe49c9b,esc2,s2,7,False,True,50,949.14390832,0.0,0,1.0,1.0,
esc2-s2-r08-30fbed6b,esc2,s2,8,False,True,50,960.2228707999999,0.0,0,1.0,1.0,
esc2-s2-r09-66c545f2,esc2,s2,9,False,True,50,805.5520079,0.0,0,1.0,1.0,
esc2-s2-r10-c8157171,esc2,s2,10,True,True,50,863.50715378,0.0,0,1.0,1.0,
esc2-s3-r01-ac947a3f,esc2,s3,1,True,True,50,899.29856482,0.0,0,1.0,1.0,
esc2-s3-r02-8f23ca69,esc2,s3,2,False,True,50,1106.51035892,0.0,0,1.0,1.0,
esc2-s3-r03-3f0f4c0d,esc2,s3,3,False,True,50,877.12439552,0.0,0,1.0,1.0,
esc2-s3-r04-162ececf,esc2,s3,4,False,True,50,911.7043525199999,0.0,0,1.0,1.0,
esc2-s3-r05-f378edf0,esc2,s3,5,False,True,50,1490.77481006,0.0,0,1.0,1.0,
esc2-s3-r06-bb53e49f,esc2,s3,6,False,True,50,911.8788185999999,0.0,0,1.0,1.0,
esc2-s3-r07-77b79cd4,esc2,s3,7,False,True,50,1249.94054302,0.0,0,1.0,1.0,
esc2-s3-r08-8b644afe,esc2,s3,8,False,True,50,1325.94249494,0.0,0,1.0,1.0,
esc2-s3-r09-260fa8d7,esc2,s3,9,False,True,50,6663.29932546,0.0,0,1.0,1.0,
esc2-s3-r10-12ddb50e,esc2,s3,10,True,True,50,898.2922839400001,0.0,0,1.0,1.0,
esc2-s4-r01-52f48cd3,esc2,s4,1,True,True,50,683.63613684,0.0,0,1.0,1.0,
esc2-s4-r02-5f4191d9,esc2,s4,2,False,True,50,201.17767044,0.0,0,1.0,1.0,
esc2-s4-r03-369951c2,esc2,s4,3,False,True,50,959.7207520999999,0.0,0,1.0,1.0,
esc2-s4-r04-d7f7ccf5,esc2,s4,4,False,True,50,217.90169488,0.0,0,1.0,1.0,
esc2-s4-r05-441d1e81,esc2,s4,5,False,True,50,762.98149646,0.0,0,1.0,1.0,
esc2-s4-r06-5f15327e,esc2,s4,6,False,True,50,233.27945201999998,0.0,0,1.0,1.0,
esc2-s4-r07-1e890a62,esc2,s4,7,False,True,50,744.40644652,0.0,0,1.0,1.0,
esc2-s4-r08-fd9f79a8,esc2,s4,8,False,True,50,255.27125184,0.0,0,1.0,1.0,
esc2-s4-r09-3adad2bc,esc2,s4,9,False,True,50,1017.3244515800001,0.0,0,1.0,1.0,
esc2-s4-r10-d572b8dc,esc2,s4,10,True,True,50,199.19029066,0.0,0,1.0,1.0,
esc3-s0-r01-de01acc0,esc3,s0,1,True,True,200,652.167236165,1.0,0,1.0,1.0,
esc3-s0-r02-ad1d1f0a,esc3,s0,2,False,True,200,1458.708344815,1.0,0,1.0,1.0,
esc3-s0-r03-455d86ff,esc3,s0,3,False,True,200,1072.96568732,1.0,0,1.0,1.0,
esc3-s0-r04-2f51e6db,esc3,s0,4,False,True,200,1866.5704908100001,1.0,0,1.0,1.0,
esc3-s0-r05-5002dc63,esc3,s0,5,False,True,200,590.6428115599999,1.0,0,1.0,1.0,
esc3-s0-r06-9cbda72f,esc3,s0,6,False,True,200,1280.21466296,1.0,0,1.0,1.0,
esc3-s0-r07-398efbf2,esc3,s0,7,False,True,200,598.22641553,1.0,0,1.0,1.0,
esc3-s0-r08-f4539e9e,esc3,s0,8,False,True,200,1770.0440964299999,1.0,0,1.0,1.0,
esc3-s0-r09-4e05c4e0,esc3,s0,9,False,True,200,593.63131407,1.0,0,1.0,1.0,
esc3-s0-r10-1047f86c,esc3,s0,10,True,True,200,1887.483498155,1.0,0,1.0,1.0,
esc3-s1-r01-b83210ea,esc3,s1,1,True,True,200,2968.67271149,0.0,0,1.0,1.0,
esc3-s1-r02-25ab33fd,esc3,s1,2,False,True,200,2246.06302818,0.0,0,1.0,1.0,
esc3-s1-r03-4fe884f5,esc3,s1,3,False,True,200,1991.6642923099998,0.0,0,1.0,1.0,
esc3-s1-r04-17524190,esc3,s1,4,False,True,200,2354.761936725,0.0,0,1.0,1.0,
esc3-s1-r05-81662a93,esc3,s1,5,False,True,200,5073.853464825,0.0,0,1.0,1.0,
esc3-s1-r06-b80d4343,esc3,s1,6,False,True,200,3415.283378125,0.0,0,1.0,1.0,
esc3-s1-r07-ba73fa9b,esc3,s1,7,False,True,200,2560.80433522,0.0,0,1.0,1.0,
esc3-s1-r08-ca2eb083,esc3,s1,8,False,True,200,2405.19182102,0.0,0,1.0,1.0,
esc3-s1-r09-79816fb1,esc3,s1,9,False,True,200,1919.09251655,0.0,0,1.0,1.0,
esc3-s1-r10-2a0c54b3,esc3,s1,10,True,True,200,2434.191771915,0.0,0,1.0,1.0,
esc3-s2-r01-7035d3cb,esc3,s2,1,True,True,200,1983.073191645,0.0,0,1.0,1.0,
esc3-s2-r02-f7c988d0,esc3,s2,2,False,True,200,2526.225877875,0.0,0,1.0,1.0,
esc3-s2-r03-6d0d9f50,esc3,s2,3,False,True,200,2614.47438029,0.0,0,1.0,1.0,
esc3-s2-r04-7e457693,esc3,s2,4,False,True,200,2331.899245715,0.0,0,1.0,1.0,
esc3-s2-r05-75149102,esc3,s2,5,False,True,200,3365.310514765,0.0,0,1.0,1.0,
esc3-s2-r06-00b2ed3f,esc3,s2,6,False,True,200,2278.958002205,0.0,0,1.0,1.0,
esc3-s2-r07-13cafc65,esc3,s2,7,False,True,200,1830.401603325,0.0,0,1.0,1.0,
esc3-s2-r08-cf5a9637,esc3,s2,8,False,True,200,2573.69978236,0.0,0,1.0,1.0,
esc3-s2-r09-9086ec18,esc3,s2,9,False,True,200,3115.215425945,0.0,0,1.0,1.0,
esc3-s2-r10-7890651f,esc3,s2,10,True,True,200,2193.3225596499997,0.0,0,1.0,1.0,
esc3-s3-r01-7ccf350d,esc3,s3,1,True,True,200,3309.91852044,0.0,0,1.0,1.0,
esc3-s3-r02-6b419947,esc3,s3,2,False,True,200,3151.0681735149997,0.0,0,1.0,1.0,
esc3-s3-r03-c26e45ba,esc3,s3,3,False,True,200,2242.23589858,0.0,0,1.0,1.0,
esc3-s3-r04-43835adf,esc3,s3,4,False,True,200,6673.2764554099995,0.0,0,1.0,1.0,
esc3-s3-r05-a7a36b2f,esc3,s3,5,False,True,200,2591.91107522,0.0,0,1.0,1.0,
esc3-s3-r06-9899308a,esc3,s3,6,False,True,200,2967.09880229,0.0,0,1.0,1.0,
esc3-s3-r07-8b75fd9a,esc3,s3,7,False,True,200,2863.2604668199997,0.0,0,1.0,1.0,
esc3-s3-r08-f11f191a,esc3,s3,8,False,True,200,2573.679862075,0.0,0,1.0,1.0,
esc3-s3-r09-3b59f4a4,esc3,s3,9,False,True,200,3193.49378836,0.0,0,1.0,1.0,
esc3-s3-r10-5729e0da,esc3,s3,10,True,True,200,2697.560891915,0.0,0,1.0,1.0,
esc3-s4-r01-d2790eca,esc3,s4,1,True,True,200,1998.5102966999998,0.0,0,1.0,1.0,
esc3-s4-r02-b962059e,esc3,s4,2,False,True,200,986.85690493,0.0,0,1.0,1.0,
esc3-s4-r03-0c138fa7,esc3,s4,3,False,True,200,2895.1841556649997,0.0,0,1.0,1.0,
esc3-s4-r04-31c5d571,esc3,s4,4,False,True,200,471.6173594,0.0,0,1.0,1.0,
esc3-s4-r05-f5d56c70,esc3,s4,5,False,True,200,3158.385147815,0.0,0,1.0,1.0,
esc3-s4-r06-5a68a875,esc3,s4,6,False,True,200,543.209900525,0.0,0,1.0,1.0,
esc3-s4-r07-a3b38668,esc3,s4,7,False,True,200,2417.930234065,0.0,0,1.0,1.0,
esc3-s4-r08-5d69bf7e,esc3,s4,8,False,True,200,1001.481493825,0.0,0,1.0,1.0,
esc3-s4-r09-c3891e1a,esc3,s4,9,False,True,200,2966.15040813,0.0,0,1.0,1.0,
esc3-s4-r10-6ca6d47c,esc3,s4,10,True,True,200,595.548634505,0.0,0,1.0,1.0,
esc4-s3-r01-e1abc1ae,esc4,s3,1,True,True,200,3218.025427265,0.0,0,1.0,1.0,
esc4-s3-r02-1279a6c8,esc4,s3,2,False,True,200,3263.217895605,0.0,0,1.0,1.0,
esc4-s3-r03-223ec15d,esc4,s3,3,False,True,200,1201.6732368149999,0.0,0,1.0,1.0,
esc4-s3-r04-3008f5e7,esc4,s3,4,False,True,200,3649.151896875,0.0,0,1.0,1.0,
esc4-s3-r05-ba63030d,esc4,s3,5,False,True,200,1501.243309615,0.0,0,1.0,1.0,
esc4-s3-r06-04adf879,esc4,s3,6,False,True,200,3355.980516905,0.0,0,1.0,1.0,
esc4-s3-r07-08aeb764,esc4,s3,7,False,True,200,1300.954369665,0.0,0,1.0,1.0,
esc4-s3-r08-d280a49b,esc4,s3,8,False,True,200,3090.1846875499996,0.0,0,1.0,1.0,
esc4-s3-r09-e9d7e3c3,esc4,s3,9,False,True,200,1390.273410905,0.0,0,1.0,1.0,
esc4-s3-r10-9317289a,esc4,s3,10,True,True,200,2797.3040980849996,0.0,0,1.0,1.0,
esc4-s4-r01-b8a595b0,esc4,s4,1,True,True,200,4328.52857992,0.0,0,1.0,1.0,5771.138747000805
esc4-s4-r02-16953626,esc4,s4,2,False,True,200,1156.849045795,0.0,0,1.0,1.0,1309.0607279991673
esc4-s4-r03-9e64a07c,esc4,s4,3,False,True,200,3795.1895685249997,0.0,0,1.0,1.0,5949.680018002255
esc4-s4-r04-29c4ec81,esc4,s4,4,False,True,200,939.52935354,0.0,0,1.0,1.0,1116.7463989986572
esc4-s4-r05-ada9bbcf,esc4,s4,5,False,True,200,3280.64830764,0.0,0,1.0,1.0,5066.942033001396
esc4-s4-r06-5e8d9517,esc4,s4,6,False,True,200,1287.5544042,0.0,0,1.0,1.0,1317.6273880017106
esc4-s4-r07-043382cb,esc4,s4,7,False,True,200,3470.177392735,0.0,0,1.0,1.0,5076.909542000067
esc4-s4-r08-d92a4f2d,esc4,s4,8,False,True,200,1004.9911811,0.0,0,1.0,1.0,1153.8603059998422
esc4-s4-r09-1e933110,esc4,s4,9,False,True,200,4200.914296195,0.0,0,1.0,1.0,5026.070698000694
esc4-s4-r10-19a529b3,esc4,s4,10,True,True,200,4474.305555755,0.0,0,1.0,1.0,6825.553082002443
