GROUP,PACKAGE,CLASS,INSTRUCTION_MISSED,INSTRUCTION_COVERED,BRANCH_MISSED,BRANCH_COVERED,LINE_MISSED,LINE_COVERED,COMPLEXITY_MISSED,COMPLEXITY_COVERED,METHOD_MISSED,METHOD_COVERED
auth-service,ec.edu.uteq.scli.auth_service.infrastructure.audit,OpenTelemetryLogBridge,0,5,0,0,0,3,0,1,0,1
auth-service,ec.edu.uteq.scli.auth_service.infrastructure.audit,AuthenticationEventPublisherConfig,0,8,0,0,0,2,0,2,0,2
auth-service,ec.edu.uteq.scli.auth_service.infrastructure.audit,SecurityAuditEventListener,3,61,2,4,1,19,2,5,0,4
auth-service,ec.edu.uteq.scli.auth_service.infrastructure.audit,Slf4jAuditLogger,0,24,0,0,0,9,0,3,0,3
auth-service,ec.edu.uteq.scli.auth_service.infrastructure.security,CustomUserDetails,14,78,2,0,4,20,5,8,4,8
auth-service,ec.edu.uteq.scli.auth_service.infrastructure.security,JwtAuthenticationFilter,2,123,6,22,2,39,6,11,0,3
auth-service,ec.edu.uteq.scli.auth_service.infrastructure.security,JwtService,12,280,5,11,2,88,6,18,1,15
auth-service,ec.edu.uteq.scli.auth_service.infrastructure.security,JwtService.RefreshTokenInfo,0,15,0,0,0,1,0,1,0,1
auth-service,ec.edu.uteq.scli.auth_service.infrastructure.security,DefaultUserDetailsFactory,0,8,0,0,0,2,0,2,0,2
auth-service,ec.edu.uteq.scli.auth_service.infrastructure.security,CustomUserDetailsService,0,45,0,0,0,12,0,5,0,5
auth-service,ec.edu.uteq.scli.auth_service.infrastructure.security,JwtAuthenticationEntryPoint,0,36,0,0,0,15,0,2,0,2
auth-service,ec.edu.uteq.scli.auth_service.infrastructure.persistence,RefreshSessionPersistenceAdapter,1,119,1,1,0,24,1,9,0,9
auth-service,ec.edu.uteq.scli.auth_service.infrastructure.persistence,UsuarioPersistenceAdapter,97,6,0,0,14,3,6,1,6,1
auth-service,ec.edu.uteq.scli.auth_service.domain.model,Permiso,0,18,0,0,0,1,0,1,0,1
auth-service,ec.edu.uteq.scli.auth_service.domain.model,Rol,2,26,1,1,0,3,1,1,0,1
auth-service,ec.edu.uteq.scli.auth_service.domain.model,RefreshSession,0,30,0,0,0,1,0,1,0,1
auth-service,ec.edu.uteq.scli.auth_service.domain.model,Usuario,2,32,1,1,0,3,1,1,0,1
auth-service,ec.edu.uteq.scli.auth_service.infrastructure.config,JwtProperties,0,15,0,0,0,1,0,1,0,1
auth-service,ec.edu.uteq.scli.auth_service.infrastructure.config,SecurityConfig,0,136,0,0,0,22,0,11,0,11
auth-service,ec.edu.uteq.scli.auth_service.infrastructure.config,TimeConfig,0,5,0,0,0,2,0,2,0,2
auth-service,ec.edu.uteq.scli.auth_service.presentation.dto,ForgotPasswordRequest,0,6,0,0,0,1,0,1,0,1
auth-service,ec.edu.uteq.scli.auth_service.presentation.dto,ResetPasswordRequest,12,0,0,0,1,0,1,0,1,0
auth-service,ec.edu.uteq.scli.auth_service.presentation.dto,AdminUsuarioResponse,0,21,0,0,0,1,0,1,0,1
auth-service,ec.edu.uteq.scli.auth_service.presentation.dto,MessageResponse,0,6,0,0,0,1,0,1,0,1
auth-service,ec.edu.uteq.scli.auth_service.presentation.dto,RefreshTokenRequest,0,6,0,0,0,1,0,1,0,1
auth-service,ec.edu.uteq.scli.auth_service.presentation.dto,ErrorResponse,0,18,0,0,0,1,0,1,0,1
auth-service,ec.edu.uteq.scli.auth_service.presentation.dto,LoginRequest,0,9,0,0,0,1,0,1,0,1
auth-service,ec.edu.uteq.scli.auth_service.presentation.dto,AdminUsuarioUpdateRequest,0,15,0,0,0,1,0,1,0,1
auth-service,ec.edu.uteq.scli.auth_service.presentation.dto,PerfilAuthResponse,0,21,0,0,0,1,0,1,0,1
auth-service,ec.edu.uteq.scli.auth_service.presentation.dto,AdminUsuarioCreateRequest,0,18,0,0,0,1,0,1,0,1
auth-service,ec.edu.uteq.scli.auth_service.presentation.dto,AuthUserResponse,0,30,0,0,0,1,0,1,0,1
auth-service,ec.edu.uteq.scli.auth_service.presentation.dto,LoginResponse,0,18,0,0,0,1,0,1,0,1
auth-service,ec.edu.uteq.scli.auth_service.infrastructure.bootstrap,InitialIdentityBootstrap,19,371,2,24,3,72,3,23,1,12
auth-service,ec.edu.uteq.scli.auth_service.infrastructure.bootstrap,InitialIdentityBootstrap.Account,0,15,0,0,0,1,0,1,0,1
auth-service,ec.edu.uteq.scli.auth_service.infrastructure.metrics,AuthenticationMetrics,0,59,0,0,0,14,0,6,0,6
auth-service,ec.edu.uteq.scli.auth_service.infrastructure.client,UsuariosClient,34,29,0,0,7,12,1,1,1,1
auth-service,ec.edu.uteq.scli.auth_service.application.service,LoginProtectionService,66,259,17,17,9,43,15,15,2,11
auth-service,ec.edu.uteq.scli.auth_service.application.service,PasswordResetTokenManager,7,20,0,0,2,4,1,2,1,2
auth-service,ec.edu.uteq.scli.auth_service.application.service,LoginProtectionService.LoginMetadata,0,15,0,0,0,2,0,2,0,2
auth-service,ec.edu.uteq.scli.auth_service.application.service,PasswordPolicyValidator,16,63,9,15,0,11,9,7,0,4
auth-service,ec.edu.uteq.scli.auth_service.application.service,PasswordRecoveryService.Window,0,9,0,0,0,1,0,1,0,1
auth-service,ec.edu.uteq.scli.auth_service.application.service,PasswordRecoveryService,94,405,17,23,9,61,17,17,1,13
auth-service,ec.edu.uteq.scli.auth_service.application.service,AuthService,66,329,9,7,5,110,17,7,10,6
auth-service,ec.edu.uteq.scli.auth_service.application.service,AdminUsuarioService,82,253,7,3,6,53,15,9,10,9
auth-service,ec.edu.uteq.scli.auth_service.application.service,RefreshSessionService,9,139,2,6,3,27,2,9,0,7
auth-service,ec.edu.uteq.scli.auth_service.presentation.controller,AuthController,43,75,14,4,2,19,10,6,1,6
auth-service,ec.edu.uteq.scli.auth_service.presentation.controller,AdminUsuarioController,20,10,0,0,3,4,2,2,2,2
auth-service,ec.edu.uteq.scli.auth_service.presentation.controller,GlobalExceptionHandler,32,51,0,0,10,19,3,6,3,6
auth-service,ec.edu.uteq.scli.auth_service.presentation.controller,InternalAdminUsuarioController,48,9,4,0,12,4,7,1,5,1
auth-service,ec.edu.uteq.scli.auth_service,AuthServiceApplication,5,3,0,0,2,1,1,1,1,1
auth-service,ec.edu.uteq.scli.auth_service.infrastructure.mail,SpringPasswordResetMailService,23,9,0,0,5,3,1,1,1,1
auth-service,ec.edu.uteq.scli.auth_service.domain.service,InvalidPasswordResetTokenException,0,4,0,0,0,1,0,1,0,1
auth-service,ec.edu.uteq.scli.auth_service.domain.service,AccountDisabledException,0,4,0,0,0,2,0,1,0,1
auth-service,ec.edu.uteq.scli.auth_service.domain.service,InvalidCredentialsException,0,4,0,0,0,2,0,1,0,1
auth-service,ec.edu.uteq.scli.auth_service.domain.service,UsuarioServiceUnavailableException,0,5,0,0,0,2,0,1,0,1
auth-service,ec.edu.uteq.scli.auth_service.domain.service,AccountBlockedException,0,4,0,0,0,2,0,1,0,1
